곤조 스트릿,http://t1.daumcdn.net/webtoon/op/6d55414f870fbb448f966eec91d880f05995939e,http://webtoon.daum.net/webtoon/viewgzstreet
우정으로 결혼한 소꿉친구,http://t1.daumcdn.net/webtoon/op/74311dc6807806bf2cc6839a71d8a86227453688,http://webtoon.daum.net/webtoon/viewfriendmarriage
노동본색,http://t1.daumcdn.net/webtoon/op/582f7b1526486b6bf0b165d3427d97c011041fa5,http://webtoon.daum.net/webtoon/viewworkinstinct
이끼 (2008),http://i1.cartoon.daumcdn.net/svc/image/U03/cartoon/U43CA81C4CCFDAF762,http://webtoon.daum.net/webtoon/viewikki
강철비,http://t1.daumcdn.net/webtoon/op/54d6c3afb887921ec4dc78676a118d4bf0d782ad,http://webtoon.daum.net/webtoon/viewsteelrain2
고양이 마마님,http://t1.daumcdn.net/webtoon/op/a2f86ed531940714434e3f32eac9153f1d772191,http://webtoon.daum.net/webtoon/viewCatQueen
과격자매단,http://t1.daumcdn.net/webtoon/op/3f2688b860ab1be0afef2bf0739254b9e69dd640,http://webtoon.daum.net/webtoon/viewSISTERS
스킬,http://t1.daumcdn.net/cartoon/589D754C0155350001,http://webtoon.daum.net/webtoon/viewSkill
간이역에 겨울이 오면,http://i1.cartoon.daumcdn.net/svc/image/U03/cartoon/5722F461025CA70001,http://webtoon.daum.net/webtoon/viewstation
The 윷놀리스트,http://i1.cartoon.daumcdn.net/svc/image/U03/cartoon/5716098D06133D0001,http://webtoon.daum.net/webtoon/viewtheyutnolist
일단 질러! 질렐루야,http://i1.cartoon.daumcdn.net/svc/image/U03/cartoon/5548B4280678E10001,http://webtoon.daum.net/webtoon/viewimpulsebuyer
유치원의 하루,http://i1.cartoon.daumcdn.net/svc/image/U03/cartoon/5548B65A0657C60002,http://webtoon.daum.net/webtoon/viewkindergarten
유부녀의 탄생,http://i1.cartoon.daumcdn.net/svc/image/U03/cartoon/5548C6A10266F40001,http://webtoon.daum.net/webtoon/viewmarried
트레이스,http://i1.cartoon.daumcdn.net/svc/image/U03/cartoon/55666EE80142AB0005,http://webtoon.daum.net/webtoon/viewtrace2
도깨비언덕에 왜 왔니?,http://t1.daumcdn.net/webtoon/op/e635e6bb64c13dc7a66872e1fca7891a13012c35,http://webtoon.daum.net/webtoon/viewgoblinhill
